snp1,snp2,lo,r2_score
1.281788173,10.84091208,cartesian,0.00024355961440236662
1.281788173,10.84091208,xor,-0.001155898386095977
1.281788173,10.84091208,pager,0.03788374771691816
1.281788173,10.84091208,rr,-0.0011161007976292492
1.281788173,10.84091208,rd,-2.5213906496013294e-06
1.281788173,10.84091208,t,-0.0011713360978058418
1.281788173,10.84091208,mod,0.0009316034601446477
1.281788173,10.84091208,dd,-0.0001861788138295406
1.281788173,10.84091208,m78,-0.0007791745257914595
1.281788173,7.129118847,cartesian,0.01722225025529467
1.281788173,7.129118847,xor,0.00014199795887959166
1.281788173,7.129118847,pager,0.02943306176725935
1.281788173,7.129118847,rr,-0.0010211040315581954
1.281788173,7.129118847,rd,0.006181828231705544
1.281788173,7.129118847,t,0.01269822026922307
1.281788173,7.129118847,mod,0.012292871271782357
1.281788173,7.129118847,dd,0.014925590693327107
1.281788173,7.129118847,m78,0.009853518077829637
1.281788173,5.107167969,cartesian,0.0208530522523086
1.281788173,5.107167969,xor,-0.004379133772788979
1.281788173,5.107167969,pager,0.026192085570938217
1.281788173,5.107167969,rr,0.001600072361509941
1.281788173,5.107167969,rd,0.005857246244908132
1.281788173,5.107167969,t,0.013098294506476149
1.281788173,5.107167969,mod,0.013822992375853937
1.281788173,5.107167969,dd,0.022007467753278998
1.281788173,5.107167969,m78,0.0032767238565121204
1.281788173,19.24321261,cartesian,0.0018638391999451498
1.281788173,19.24321261,xor,-0.002784824439624911
1.281788173,19.24321261,pager,0.027771902824314965
1.281788173,19.24321261,rr,-0.0017745229671668472
1.281788173,19.24321261,rd,0.0013338156269396828
1.281788173,19.24321261,t,-0.0022379326304100555
1.281788173,19.24321261,mod,0.0001841410260090548
1.281788173,19.24321261,dd,0.003866501299439107
1.281788173,19.24321261,m78,-0.0009433675641872252
1.281788173,4.178946041,cartesian,0.008152511908515958
1.281788173,4.178946041,xor,-0.0014482550142824735
1.281788173,4.178946041,pager,0.026037296657720255
1.281788173,4.178946041,rr,-0.0011034846872062243
1.281788173,4.178946041,rd,0.003136461376502586
1.281788173,4.178946041,t,-0.00042752307954851965
1.281788173,4.178946041,mod,0.001959963092067696
1.281788173,4.178946041,dd,0.009563827904169986
1.281788173,4.178946041,m78,-0.0014691901831054288
1.281788173,3.136492861,cartesian,0.003289945860410315
1.281788173,3.136492861,xor,-0.001989416107566422
1.281788173,3.136492861,pager,0.02988456589260524
1.281788173,3.136492861,rr,-0.0017113475966872294
1.281788173,3.136492861,rd,0.0013686038654316945
1.281788173,3.136492861,t,-0.001024254559278237
1.281788173,3.136492861,mod,0.0013136208856961984
1.281788173,3.136492861,dd,0.0035644185699922337
1.281788173,3.136492861,m78,-0.0007012993169945858
1.281788173,7.8599340,cartesian,-0.002247244639738355
1.281788173,7.8599340,xor,0.00144983375510499
1.281788173,7.8599340,pager,0.02744890774402209
1.281788173,7.8599340,rr,-0.0012070411344009546
1.281788173,7.8599340,rd,-0.00032603317334634063
1.281788173,7.8599340,t,-0.0006799913630632926
1.281788173,7.8599340,mod,0.004783271279764634
1.281788173,7.8599340,dd,-0.0015760050517139579
1.281788173,7.8599340,m78,0.0018740143445037383
1.281788173,18.27348077,cartesian,0.03140423076991483
1.281788173,18.27348077,xor,-0.0026033248950445564
1.281788173,18.27348077,pager,0.03385120594923574
1.281788173,18.27348077,rr,-8.326356410259805e-05
1.281788173,18.27348077,rd,0.006500345121791651
1.281788173,18.27348077,t,0.016765395979628672
1.281788173,18.27348077,mod,0.016305490758322105
1.281788173,18.27348077,dd,0.03237065174146769
1.281788173,18.27348077,m78,6.948844106591245e-05
1.281788173,18.32316331,cartesian,0.03230085817858197
1.281788173,18.32316331,xor,0.00672596082421506
1.281788173,18.32316331,pager,0.030730453225131016
1.281788173,18.32316331,rr,0.004540279962390259
1.281788173,18.32316331,rd,0.00567829516803342
1.281788173,18.32316331,t,0.03178869671185991
1.281788173,18.32316331,mod,0.03158589662456246
1.281788173,18.32316331,dd,0.0248942748290345
1.281788173,18.32316331,m78,-0.0014060584288178024
1.281788173,1.203085725,cartesian,0.026640988728558246
1.281788173,1.203085725,xor,-0.001088644372376546
1.281788173,1.203085725,pager,0.03164086747147221
1.281788173,1.203085725,rr,0.006425103758430972
1.281788173,1.203085725,rd,0.005751668625240014
1.281788173,1.203085725,t,0.017632545578210146
1.281788173,1.203085725,mod,0.01782771673938488
1.281788173,1.203085725,dd,0.02299359122934741
1.281788173,1.203085725,m78,0.0029678512902178156
1.281788173,10.23267180,cartesian,0.010094357853688285
1.281788173,10.23267180,xor,-3.393754324054754e-05
1.281788173,10.23267180,pager,0.01651444718780426
1.281788173,10.23267180,rr,-0.0011359142032179026
1.281788173,10.23267180,rd,0.0035103307369446224
1.281788173,10.23267180,t,0.0045547664420295675
1.281788173,10.23267180,mod,0.006950360447104176
1.281788173,10.23267180,dd,0.009991885540745149
1.281788173,10.23267180,m78,0.005865922221122033
1.281788173,2.241577141,cartesian,0.030664699471299905
1.281788173,2.241577141,xor,-0.002515705243584465
1.281788173,2.241577141,pager,0.03058153021474075
1.281788173,2.241577141,rr,0.007642075051124464
1.281788173,2.241577141,rd,0.0071886439859477624
1.281788173,2.241577141,t,0.02029908772266742
1.281788173,2.241577141,mod,0.01871458440309337
1.281788173,2.241577141,dd,0.026830778148788648
1.281788173,2.241577141,m78,0.000318693194695463
1.281788173,9.15866960,cartesian,0.021979324913515286
1.281788173,9.15866960,xor,-0.0010509514485526061
1.281788173,9.15866960,pager,0.029018413888588612
1.281788173,9.15866960,rr,0.0027233958644434786
1.281788173,9.15866960,rd,0.0064365234860485065
1.281788173,9.15866960,t,0.011050995370145533
1.281788173,9.15866960,mod,0.010616909055541135
1.281788173,9.15866960,dd,0.021083753859639676
1.281788173,9.15866960,m78,0.00219519952218572
1.281788173,9.71715296,cartesian,0.02707823073846416
1.281788173,9.71715296,xor,0.001346893897580359
1.281788173,9.71715296,pager,0.029498431897360677
1.281788173,9.71715296,rr,0.008371291918103152
1.281788173,9.71715296,rd,0.005502012683489599
1.281788173,9.71715296,t,0.02364310631684774
1.281788173,9.71715296,mod,0.023698422528607876
1.281788173,9.71715296,dd,0.023360382716721584
1.281788173,9.71715296,m78,3.875249680407311e-05
1.281788173,6.29889998,cartesian,8.561683905317086e-05
1.281788173,6.29889998,xor,-0.0011589659184696455
1.281788173,6.29889998,pager,0.032971702702836114
1.281788173,6.29889998,rr,-0.0007870349744287797
1.281788173,6.29889998,rd,0.0002762266273065306
1.281788173,6.29889998,t,-0.002096031598990189
1.281788173,6.29889998,mod,0.0009301167084542206
1.281788173,6.29889998,dd,0.000736142786928351
1.281788173,6.29889998,m78,-0.002464955406128011
1.281788173,8.103608382,cartesian,0.013929195249893223
1.281788173,8.103608382,xor,-0.006363392215931629
1.281788173,8.103608382,pager,0.02214341141917131
1.281788173,8.103608382,rr,-0.000724554389093246
1.281788173,8.103608382,rd,0.004799549535175585
1.281788173,8.103608382,t,0.0017925647472737394
1.281788173,8.103608382,mod,0.0027880599973827414
1.281788173,8.103608382,dd,0.015613663498530883
1.281788173,8.103608382,m78,0.0005517021579358738
1.281788173,5.72916242,cartesian,0.022616980020983446
1.281788173,5.72916242,xor,-0.0019329501302758345
1.281788173,5.72916242,pager,0.02402219330700417
1.281788173,5.72916242,rr,0.007212244864384876
1.281788173,5.72916242,rd,0.006023704276116648
1.281788173,5.72916242,t,0.013501499355812907
1.281788173,5.72916242,mod,0.013434219839907224
1.281788173,5.72916242,dd,0.02048941180297159
1.281788173,5.72916242,m78,-0.0031280337662777935
10.84091208,7.129118847,cartesian,-0.0008077455321806593
10.84091208,7.129118847,xor,-0.0011194029350483081
10.84091208,7.129118847,pager,0.021200372163785786
10.84091208,7.129118847,rr,-0.0006629775436954866
10.84091208,7.129118847,rd,-0.00013416408226030185
10.84091208,7.129118847,t,-0.0013280465451106505
10.84091208,7.129118847,mod,0.002427610906008959
10.84091208,7.129118847,dd,-0.0011742019691760586
10.84091208,7.129118847,m78,7.658552589551171e-05
10.84091208,5.107167969,cartesian,0.00041064955831515704
10.84091208,5.107167969,xor,-0.0012108049544048427
10.84091208,5.107167969,pager,0.01844968066067465
10.84091208,5.107167969,rr,-0.0011660917000362314
10.84091208,5.107167969,rd,0.0023616731553589565
10.84091208,5.107167969,t,-0.00037759545739235456
10.84091208,5.107167969,mod,0.0019007026663429016
10.84091208,5.107167969,dd,0.0006722073245395421
10.84091208,5.107167969,m78,-0.001861178435824895
10.84091208,19.24321261,cartesian,0.01439327518979272
10.84091208,19.24321261,xor,-0.00157080259865916
10.84091208,19.24321261,pager,0.019060878488654787
10.84091208,19.24321261,rr,0.004201386923353367
10.84091208,19.24321261,rd,0.005741465694496406
10.84091208,19.24321261,t,0.009895412017113858
10.84091208,19.24321261,mod,0.011211340655738367
10.84091208,19.24321261,dd,0.010665582282806119
10.84091208,19.24321261,m78,0.0041488536927750674
10.84091208,4.178946041,cartesian,0.014331219945755258
10.84091208,4.178946041,xor,-0.0017676635025885012
10.84091208,4.178946041,pager,0.016246848922397028
10.84091208,4.178946041,rr,0.005514002594843914
10.84091208,4.178946041,rd,0.007530274732940434
10.84091208,4.178946041,t,0.009934501106437343
10.84091208,4.178946041,mod,0.009580420988761551
10.84091208,4.178946041,dd,0.009246194850750067
10.84091208,4.178946041,m78,0.0005342530670487955
10.84091208,3.136492861,cartesian,0.015461441180615765
10.84091208,3.136492861,xor,-0.001305794934130855
10.84091208,3.136492861,pager,0.018059024965393466
10.84091208,3.136492861,rr,0.006708567490398942
10.84091208,3.136492861,rd,0.007674221723723229
10.84091208,3.136492861,t,0.012163510064266414
10.84091208,3.136492861,mod,0.010859416243288345
10.84091208,3.136492861,dd,0.00949077898951245
10.84091208,3.136492861,m78,0.001546104829431627
10.84091208,7.8599340,cartesian,0.009714255735272848
10.84091208,7.8599340,xor,-0.0017721658624387793
10.84091208,7.8599340,pager,0.015288386589294767
10.84091208,7.8599340,rr,-0.0015685913381831007
10.84091208,7.8599340,rd,0.004729857486180711
10.84091208,7.8599340,t,0.00504219088497071
10.84091208,7.8599340,mod,0.007566773388170356
10.84091208,7.8599340,dd,0.009778198994456755
10.84091208,7.8599340,m78,0.005977496098055979
10.84091208,18.27348077,cartesian,0.0014284440501891593
10.84091208,18.27348077,xor,-0.002226306674091738
10.84091208,18.27348077,pager,0.019526294057004567
10.84091208,18.27348077,rr,0.001757526803940812
10.84091208,18.27348077,rd,0.003199993964998926
10.84091208,18.27348077,t,-0.00017853983511528781
10.84091208,18.27348077,mod,0.002504619103843697
10.84091208,18.27348077,dd,0.0014703911228124422
10.84091208,18.27348077,m78,-0.0015557584430685445
10.84091208,18.32316331,cartesian,0.012563114981154921
10.84091208,18.32316331,xor,-0.002486446347973459
10.84091208,18.32316331,pager,0.015451010338073057
10.84091208,18.32316331,rr,0.003178278087896058
10.84091208,18.32316331,rd,0.006094953971039874
10.84091208,18.32316331,t,0.002693658793558651
10.84091208,18.32316331,mod,0.0030785604724905546
10.84091208,18.32316331,dd,0.009545220971237
10.84091208,18.32316331,m78,0.005763124665320807
10.84091208,1.203085725,cartesian,0.0002250275302070337
10.84091208,1.203085725,xor,-0.001966188648959921
10.84091208,1.203085725,pager,0.019962183689724244
10.84091208,1.203085725,rr,-0.002192259028273913
10.84091208,1.203085725,rd,0.0027760397759071243
10.84091208,1.203085725,t,-0.0017817500654213614
10.84091208,1.203085725,mod,-0.0003986012077330514
10.84091208,1.203085725,dd,0.0013217732775175906
10.84091208,1.203085725,m78,-0.0009951706627882029
10.84091208,10.23267180,cartesian,-0.0021159564876305215
10.84091208,10.23267180,xor,-0.0015959056744250244
10.84091208,10.23267180,pager,0.014977229794012059
10.84091208,10.23267180,rr,-0.00279683225050098
10.84091208,10.23267180,rd,-0.0008636795324510338
10.84091208,10.23267180,t,-0.001308279303138704
10.84091208,10.23267180,mod,0.004602984130383847
10.84091208,10.23267180,dd,-0.000843781044854941
10.84091208,10.23267180,m78,0.004843731955993191
10.84091208,2.241577141,cartesian,0.0023772346942283473
10.84091208,2.241577141,xor,-0.0011649962658688562
10.84091208,2.241577141,pager,0.02218476034797834
10.84091208,2.241577141,rr,-0.0005496493564394189
10.84091208,2.241577141,rd,0.00459915591702853
10.84091208,2.241577141,t,-0.00044540074978161037
10.84091208,2.241577141,mod,0.00026210437079743354
10.84091208,2.241577141,dd,0.002218311806508222
10.84091208,2.241577141,m78,0.0004008705358742315
10.84091208,9.15866960,cartesian,-0.0008896964837239452
10.84091208,9.15866960,xor,-0.0011691502224215888
10.84091208,9.15866960,pager,0.01677728307854287
10.84091208,9.15866960,rr,-0.0022384495120664205
10.84091208,9.15866960,rd,0.002178053528737678
10.84091208,9.15866960,t,-0.0008380815444946066
10.84091208,9.15866960,mod,0.0010932792011075776
10.84091208,9.15866960,dd,-5.0545369743471014e-05
10.84091208,9.15866960,m78,-0.0008105784208223277
10.84091208,9.71715296,cartesian,0.012239805173557716
10.84091208,9.71715296,xor,-0.0015151126760282185
10.84091208,9.71715296,pager,0.017791091842907503
10.84091208,9.71715296,rr,0.002446934080806873
10.84091208,9.71715296,rd,0.006593524709903376
10.84091208,9.71715296,t,0.004195470617708419
10.84091208,9.71715296,mod,0.004150075331876835
10.84091208,9.71715296,dd,0.01076205282921483
10.84091208,9.71715296,m78,0.004180278845261287
10.84091208,6.29889998,cartesian,0.01482496918283005
10.84091208,6.29889998,xor,-0.00501126209870173
10.84091208,6.29889998,pager,0.015818674604822336
10.84091208,6.29889998,rr,0.006050248564955951
10.84091208,6.29889998,rd,0.0058193521993558095
10.84091208,6.29889998,t,0.007341164380299858
10.84091208,6.29889998,mod,0.00939718437711845
10.84091208,6.29889998,dd,0.012396725432077704
10.84091208,6.29889998,m78,0.0034741375375493266
10.84091208,8.103608382,cartesian,0.0106947594536001
10.84091208,8.103608382,xor,-0.0012881915302365154
10.84091208,8.103608382,pager,0.013942257592554408
10.84091208,8.103608382,rr,0.004827109341874802
10.84091208,8.103608382,rd,0.006713724092654361
10.84091208,8.103608382,t,0.007774418919842985
10.84091208,8.103608382,mod,0.007653852315272047
10.84091208,8.103608382,dd,0.0070210887303506775
10.84091208,8.103608382,m78,-0.0013161313375003036
10.84091208,5.72916242,cartesian,0.005386877505649035
10.84091208,5.72916242,xor,-0.0009687574367420737
10.84091208,5.72916242,pager,0.013507593949827257
10.84091208,5.72916242,rr,0.0019636980047801345
10.84091208,5.72916242,rd,0.004363974507655688
10.84091208,5.72916242,t,-0.0009288584496338625
10.84091208,5.72916242,mod,0.0005657984511687753
10.84091208,5.72916242,dd,0.003889862128955701
10.84091208,5.72916242,m78,-0.0008973479796743344
7.129118847,5.107167969,cartesian,0.01070325817051987
7.129118847,5.107167969,xor,-0.001886012070433818
7.129118847,5.107167969,pager,0.009001121795874645
7.129118847,5.107167969,rr,0.000608975848656157
7.129118847,5.107167969,rd,0.004882869703618287
7.129118847,5.107167969,t,0.010044744634954084
7.129118847,5.107167969,mod,0.008843441798794816
7.129118847,5.107167969,dd,0.007490203900442638
7.129118847,5.107167969,m78,0.0032103532507087307
7.129118847,19.24321261,cartesian,0.00010512785243332878
7.129118847,19.24321261,xor,-0.0009719331195550129
7.129118847,19.24321261,pager,0.014563975797799333
7.129118847,19.24321261,rr,-0.0013585193514205063
7.129118847,19.24321261,rd,0.0010747223891349744
7.129118847,19.24321261,t,-0.0009920896938999668
7.129118847,19.24321261,mod,-0.0014733671074484977
7.129118847,19.24321261,dd,-0.0007625105410729027
7.129118847,19.24321261,m78,-0.0008120274100338332
7.129118847,4.178946041,cartesian,0.0005597956202072485
7.129118847,4.178946041,xor,-0.0013160163294021476
7.129118847,4.178946041,pager,0.00908974289587583
7.129118847,4.178946041,rr,-0.0011459338720409828
7.129118847,4.178946041,rd,0.0008429857647727079
7.129118847,4.178946041,t,-0.0013122083740446655
7.129118847,4.178946041,mod,-0.0008421445538238093
7.129118847,4.178946041,dd,0.0005732528834098138
7.129118847,4.178946041,m78,-0.0007891757495384066
7.129118847,3.136492861,cartesian,-0.0009662903221940855
7.129118847,3.136492861,xor,-0.0013138096195026705
7.129118847,3.136492861,pager,0.01319106829788852
7.129118847,3.136492861,rr,-0.0009918885756132756
7.129118847,3.136492861,rd,0.0006625720556550085
7.129118847,3.136492861,t,-0.0018035044349666851
7.129118847,3.136492861,mod,-0.001662508394383977
7.129118847,3.136492861,dd,-0.0014293216519889462
7.129118847,3.136492861,m78,0.0004101395170083011
7.129118847,7.8599340,cartesian,-0.0009927245255325623
7.129118847,7.8599340,xor,-0.001181928921242914
7.129118847,7.8599340,pager,0.010242979835234145
7.129118847,7.8599340,rr,-0.0006266079653873824
7.129118847,7.8599340,rd,-0.0014303587531521167
7.129118847,7.8599340,t,-0.0012148793767787769
7.129118847,7.8599340,mod,0.0018342070676763411
7.129118847,7.8599340,dd,-0.0016920918364393689
7.129118847,7.8599340,m78,-0.00035116180439986877
7.129118847,18.27348077,cartesian,0.009658177693635306
7.129118847,18.27348077,xor,-0.0010402863583711675
7.129118847,18.27348077,pager,0.014294061057407714
7.129118847,18.27348077,rr,0.0030220827888639556
7.129118847,18.27348077,rd,0.004283186524668858
7.129118847,18.27348077,t,0.005462311327238845
7.129118847,18.27348077,mod,0.00466481634585636
7.129118847,18.27348077,dd,0.007823925413131372
7.129118847,18.27348077,m78,-0.0012277082375271586
7.129118847,18.32316331,cartesian,0.00747669346930957
7.129118847,18.32316331,xor,-0.0013093978431313325
7.129118847,18.32316331,pager,0.01058375207500628
7.129118847,18.32316331,rr,0.004057998963566289
7.129118847,18.32316331,rd,0.002993347104601085
7.129118847,18.32316331,t,0.005294392676167825
7.129118847,18.32316331,mod,0.005167129216321564
7.129118847,18.32316331,dd,0.004405823983877566
7.129118847,18.32316331,m78,-0.001158944562230202
7.129118847,1.203085725,cartesian,0.010464746533966673
7.129118847,1.203085725,xor,-0.0011704566995780485
7.129118847,1.203085725,pager,0.013335828524276838
7.129118847,1.203085725,rr,0.0021098043412298706
7.129118847,1.203085725,rd,0.0021411767571111184
7.129118847,1.203085725,t,0.010506736211979395
7.129118847,1.203085725,mod,0.011474481422362404
7.129118847,1.203085725,dd,0.00732674480729123
7.129118847,1.203085725,m78,0.004622279343569291
7.129118847,10.23267180,cartesian,0.005589945351357373
7.129118847,10.23267180,xor,-0.000944899870694238
7.129118847,10.23267180,pager,0.005584001121311188
7.129118847,10.23267180,rr,-0.0025287691969155812
7.129118847,10.23267180,rd,0.003378198667547294
7.129118847,10.23267180,t,0.005023333853540257
7.129118847,10.23267180,mod,0.004275304857611517
7.129118847,10.23267180,dd,0.005478247268906
7.129118847,10.23267180,m78,0.0035470438199523002
7.129118847,2.241577141,cartesian,0.01018998219991929
7.129118847,2.241577141,xor,-0.0006780830747346034
7.129118847,2.241577141,pager,0.011751756187692752
7.129118847,2.241577141,rr,0.005793048761363329
7.129118847,2.241577141,rd,0.0049370248911959624
7.129118847,2.241577141,t,0.006135901152908185
7.129118847,2.241577141,mod,0.0044632059765467025
7.129118847,2.241577141,dd,0.00689511397328002
7.129118847,2.241577141,m78,-0.0007570782140289278
7.129118847,9.15866960,cartesian,0.008492899081954386
7.129118847,9.15866960,xor,-0.000698418776662102
7.129118847,9.15866960,pager,0.009952409483354852
7.129118847,9.15866960,rr,-0.00014924802321858444
7.129118847,9.15866960,rd,0.0021507997366424503
7.129118847,9.15866960,t,0.007706367710700657
7.129118847,9.15866960,mod,0.008291610999680454
7.129118847,9.15866960,dd,0.005595450147289793
7.129118847,9.15866960,m78,0.004885500457099012
7.129118847,9.71715296,cartesian,0.008275658533794528
7.129118847,9.71715296,xor,-0.0015559979465666895
7.129118847,9.71715296,pager,0.009933775837072
7.129118847,9.71715296,rr,0.005331532536199668
7.129118847,9.71715296,rd,0.0027870609260586265
7.129118847,9.71715296,t,0.005212180830520996
7.129118847,9.71715296,mod,0.005212180830520996
7.129118847,9.71715296,dd,0.004159345234922895
7.129118847,9.71715296,m78,-0.0013395545208567672
7.129118847,6.29889998,cartesian,-0.002080181050178709
7.129118847,6.29889998,xor,0.0005720408967043733
7.129118847,6.29889998,pager,0.013875732452303446
7.129118847,6.29889998,rr,-0.0031250747717126437
7.129118847,6.29889998,rd,-0.001669237680053115
7.129118847,6.29889998,t,-0.0011792992412464898
7.129118847,6.29889998,mod,-1.4428518952946945e-06
7.129118847,6.29889998,dd,-0.0005754988994211008
7.129118847,6.29889998,m78,-0.0013909395167865934
7.129118847,8.103608382,cartesian,-0.0002821911594537152
7.129118847,8.103608382,xor,-0.0012837429761567432
7.129118847,8.103608382,pager,0.0065910260612653815
7.129118847,8.103608382,rr,-0.004090102977589272
7.129118847,8.103608382,rd,0.0005764306386837337
7.129118847,8.103608382,t,-0.0008850494428209732
7.129118847,8.103608382,mod,-0.0002500094902757599
7.129118847,8.103608382,dd,0.001975785383869555
7.129118847,8.103608382,m78,-0.0034508255499778873
7.129118847,5.72916242,cartesian,0.00546334465745435
7.129118847,5.72916242,xor,-0.00023016966399502792
7.129118847,5.72916242,pager,0.006095761796526933
7.129118847,5.72916242,rr,0.0010131435803669708
7.129118847,5.72916242,rd,0.0014550450303322249
7.129118847,5.72916242,t,0.005230370890346836
7.129118847,5.72916242,mod,0.0065944713365486685
7.129118847,5.72916242,dd,0.0028778123761260543
7.129118847,5.72916242,m78,-0.0010391697798286526
5.107167969,19.24321261,cartesian,-0.0010003720026816598
5.107167969,19.24321261,xor,-0.0011760371439879513
5.107167969,19.24321261,pager,0.009935222212916317
5.107167969,19.24321261,rr,-0.0008375736137022916
5.107167969,19.24321261,rd,-0.0027051630566143903
5.107167969,19.24321261,t,-0.0013575719293035249
5.107167969,19.24321261,mod,-0.0003525870774008233
5.107167969,19.24321261,dd,-0.0013204371115833613
5.107167969,19.24321261,m78,-0.001197404215115716
5.107167969,4.178946041,cartesian,-0.005214179391223039
5.107167969,4.178946041,xor,-0.0040593596244618
5.107167969,4.178946041,pager,0.0018176278308876803
5.107167969,4.178946041,rr,-0.002577974492838697
5.107167969,4.178946041,rd,-0.0009347507496646479
5.107167969,4.178946041,t,-0.0018783708896015217
5.107167969,4.178946041,mod,-0.0011193191860974228
5.107167969,4.178946041,dd,-0.0010435634963497087
5.107167969,4.178946041,m78,-0.00295382575986447
5.107167969,3.136492861,cartesian,-0.003778542108316074
5.107167969,3.136492861,xor,-0.003091289132942432
5.107167969,3.136492861,pager,0.009098950981893061
5.107167969,3.136492861,rr,-0.0016714680878999744
5.107167969,3.136492861,rd,-8.664122014945264e-05
5.107167969,3.136492861,t,-0.002101210388059993
5.107167969,3.136492861,mod,-0.0011622650104474719
5.107167969,3.136492861,dd,-0.001261257573898833
5.107167969,3.136492861,m78,-0.0011615754086209407
5.107167969,7.8599340,cartesian,-0.0016564916702126453
5.107167969,7.8599340,xor,-0.0011497116306842248
5.107167969,7.8599340,pager,0.008182018143364167
5.107167969,7.8599340,rr,-0.001347903337691525
5.107167969,7.8599340,rd,-0.0018948117646946372
5.107167969,7.8599340,t,-0.0023982450883341944
5.107167969,7.8599340,mod,0.0007238231226665004
5.107167969,7.8599340,dd,-0.0007559648818804554
5.107167969,7.8599340,m78,-0.0003014077420644412
5.107167969,18.27348077,cartesian,0.010282367147847582
5.107167969,18.27348077,xor,-0.00222475869342853
5.107167969,18.27348077,pager,0.01174803623768772
5.107167969,18.27348077,rr,0.00042222578311479353
5.107167969,18.27348077,rd,0.004623171653444058
5.107167969,18.27348077,t,0.0066188780254294866
5.107167969,18.27348077,mod,0.004018477550651545
5.107167969,18.27348077,dd,0.011008403190690852
5.107167969,18.27348077,m78,-0.0014806657476666985
5.107167969,18.32316331,cartesian,0.006867272583895967
5.107167969,18.32316331,xor,-0.0026966844444167304
5.107167969,18.32316331,pager,0.006365505908393243
5.107167969,18.32316331,rr,0.001959462932124345
5.107167969,18.32316331,rd,0.0024007143031931077
5.107167969,18.32316331,t,0.007272839907864648
5.107167969,18.32316331,mod,0.007076844560571671
5.107167969,18.32316331,dd,0.0038366920718223563
5.107167969,18.32316331,m78,-0.0018142068731203942
5.107167969,1.203085725,cartesian,0.013452686524470625
5.107167969,1.203085725,xor,-0.001201374876943273
5.107167969,1.203085725,pager,0.013173682871708836
5.107167969,1.203085725,rr,0.0050869733963272434
5.107167969,1.203085725,rd,0.004749819490803553
5.107167969,1.203085725,t,0.012887867846218315
5.107167969,1.203085725,mod,0.010105949720208174
5.107167969,1.203085725,dd,0.0074077199155425655
5.107167969,1.203085725,m78,0.0008023492106185026
5.107167969,10.23267180,cartesian,0.005960454292574746
5.107167969,10.23267180,xor,-0.0012476408039887588
5.107167969,10.23267180,pager,0.00348949820293587
5.107167969,10.23267180,rr,0.0006943117986629721
5.107167969,10.23267180,rd,0.0036150531696778065
5.107167969,10.23267180,t,0.0034700646502591193
5.107167969,10.23267180,mod,0.0014309710891623473
5.107167969,10.23267180,dd,0.0047260530237410725
5.107167969,10.23267180,m78,0.0004397974628017609
5.107167969,2.241577141,cartesian,0.011561451338442441
5.107167969,2.241577141,xor,-0.0005436319697114111
5.107167969,2.241577141,pager,0.01426496497374774
5.107167969,2.241577141,rr,0.002489302951639072
5.107167969,2.241577141,rd,0.0028547402022072177
5.107167969,2.241577141,t,0.011588371898816674
5.107167969,2.241577141,mod,0.011048591018860132
5.107167969,2.241577141,dd,0.006719633067439945
5.107167969,2.241577141,m78,0.0009891462977202892
5.107167969,9.15866960,cartesian,0.010501712305522548
5.107167969,9.15866960,xor,-0.0010707375017693366
5.107167969,9.15866960,pager,0.004404481229354995
5.107167969,9.15866960,rr,0.0020544554164266815
5.107167969,9.15866960,rd,0.0032069107711589773
5.107167969,9.15866960,t,0.009000836880514784
5.107167969,9.15866960,mod,0.00697632390541969
5.107167969,9.15866960,dd,0.006808247373581433
5.107167969,9.15866960,m78,0.0013167850690091187
5.107167969,9.71715296,cartesian,0.009163788910547477
5.107167969,9.71715296,xor,-0.0021881538779944254
5.107167969,9.71715296,pager,0.009393606376388086
5.107167969,9.71715296,rr,0.0038909825210493576
5.107167969,9.71715296,rd,0.002147314129784972
5.107167969,9.71715296,t,0.007761568069584168
5.107167969,9.71715296,mod,0.007807721508236609
5.107167969,9.71715296,dd,0.00314535835317864
5.107167969,9.71715296,m78,-0.0010245330000755448
5.107167969,6.29889998,cartesian,-0.00013105228841658878
5.107167969,6.29889998,xor,-0.0012731112177650772
5.107167969,6.29889998,pager,0.012736929937686381
5.107167969,6.29889998,rr,0.00011940135965871068
5.107167969,6.29889998,rd,-0.0015999493749325744
5.107167969,6.29889998,t,-0.0006242765803763373
5.107167969,6.29889998,mod,-0.00023727849038857052
5.107167969,6.29889998,dd,-0.0009064650874375246
5.107167969,6.29889998,m78,-2.5135447490942653e-05
5.107167969,8.103608382,cartesian,0.001352919271521924
5.107167969,8.103608382,xor,-0.0011624025858394393
5.107167969,8.103608382,pager,0.004327229776242447
5.107167969,8.103608382,rr,-0.000994446759950085
5.107167969,8.103608382,rd,0.0009370135737004626
5.107167969,8.103608382,t,-0.0009536466994515269
5.107167969,8.103608382,mod,-0.000613906325825031
5.107167969,8.103608382,dd,0.001112346024863875
5.107167969,8.103608382,m78,-0.001145518958068914
5.107167969,5.72916242,cartesian,0.004743700832843589
5.107167969,5.72916242,xor,-0.0018173544655781804
5.107167969,5.72916242,pager,0.004603485170375787
5.107167969,5.72916242,rr,0.00018985479852984266
5.107167969,5.72916242,rd,0.0030044069712431565
5.107167969,5.72916242,t,0.00442226244571764
5.107167969,5.72916242,mod,0.003939184570394105
5.107167969,5.72916242,dd,0.003785268696951616
5.107167969,5.72916242,m78,-0.000691659423251112
19.24321261,4.178946041,cartesian,0.008951196345715062
19.24321261,4.178946041,xor,-0.0010492770436394405
19.24321261,4.178946041,pager,0.007560086445337344
19.24321261,4.178946041,rr,0.004079815047540625
19.24321261,4.178946041,rd,0.006714788229497781
19.24321261,4.178946041,t,0.007761753033902807
19.24321261,4.178946041,mod,0.006548422705013768
19.24321261,4.178946041,dd,0.002471705571616245
19.24321261,4.178946041,m78,0.0004993861938910049
19.24321261,3.136492861,cartesian,0.01522790527261575
19.24321261,3.136492861,xor,-0.0014272240020467564
19.24321261,3.136492861,pager,0.014303948396203636
19.24321261,3.136492861,rr,0.006644531333885095
19.24321261,3.136492861,rd,0.007131318127463704
19.24321261,3.136492861,t,0.011928203983270436
19.24321261,3.136492861,mod,0.009762832947389888
19.24321261,3.136492861,dd,0.007128262829783738
19.24321261,3.136492861,m78,0.0016831990593214607
19.24321261,7.8599340,cartesian,0.003696338925294196
19.24321261,7.8599340,xor,-0.0021670863301355148
19.24321261,7.8599340,pager,0.008696191446424306
19.24321261,7.8599340,rr,-0.000768350780618432
19.24321261,7.8599340,rd,0.0033733571066618673
19.24321261,7.8599340,t,0.0023845576573860994
19.24321261,7.8599340,mod,0.005319742790278026
19.24321261,7.8599340,dd,0.003758130696359885
19.24321261,7.8599340,m78,0.0037188910316476864
19.24321261,18.27348077,cartesian,-0.0014883870176143343
19.24321261,18.27348077,xor,-0.0012327556385718363
19.24321261,18.27348077,pager,0.014558002978049656
19.24321261,18.27348077,rr,-0.0015511402277768038
19.24321261,18.27348077,rd,0.001952170073839632
19.24321261,18.27348077,t,-0.0011638730708016798
19.24321261,18.27348077,mod,-0.0001174281290394763
19.24321261,18.27348077,dd,-0.0011712984582825658
19.24321261,18.27348077,m78,-0.0012904501461687978
19.24321261,18.32316331,cartesian,0.0040490517416647
19.24321261,18.32316331,xor,-0.0012846965818722467
19.24321261,18.32316331,pager,0.006583239031119348
19.24321261,18.32316331,rr,0.001737502679824865
19.24321261,18.32316331,rd,0.0041862666166258
19.24321261,18.32316331,t,-0.0004118005759863319
19.24321261,18.32316331,mod,-0.0001674591214533283
19.24321261,18.32316331,dd,0.0014959026841021572
19.24321261,18.32316331,m78,0.004097065895440122
19.24321261,1.203085725,cartesian,-0.0007522168797367002
19.24321261,1.203085725,xor,-0.0006248274745723759
19.24321261,1.203085725,pager,0.01270681333162127
19.24321261,1.203085725,rr,-0.001272617010715793
19.24321261,1.203085725,rd,0.0009875774321151942
19.24321261,1.203085725,t,-0.0011781227043596854
19.24321261,1.203085725,mod,-0.0018598024085612064
19.24321261,1.203085725,dd,-0.00198819369916281
19.24321261,1.203085725,m78,-0.0007372485857426447
19.24321261,10.23267180,cartesian,0.0014301964051464111
19.24321261,10.23267180,xor,-0.0013430913959695534
19.24321261,10.23267180,pager,0.007945590433093841
19.24321261,10.23267180,rr,-0.0002541637959661003
19.24321261,10.23267180,rd,-0.0014930651411408924
19.24321261,10.23267180,t,-0.0009485752995597174
19.24321261,10.23267180,mod,0.004485984740416948
19.24321261,10.23267180,dd,-0.000464727923792152
19.24321261,10.23267180,m78,0.0019450112733337965
19.24321261,2.241577141,cartesian,-0.001023309693529706
19.24321261,2.241577141,xor,-0.002376399198337431
19.24321261,2.241577141,pager,0.013740163642542158
19.24321261,2.241577141,rr,-0.0002882908089627545
19.24321261,2.241577141,rd,0.0004998156526099251
19.24321261,2.241577141,t,-0.0012281945542567119
19.24321261,2.241577141,mod,-0.001025246970543181
19.24321261,2.241577141,dd,-0.0014452810610026123
19.24321261,2.241577141,m78,0.001593877214058459
19.24321261,9.15866960,cartesian,-0.0029014259825463906
19.24321261,9.15866960,xor,-0.001102296440318451
19.24321261,9.15866960,pager,0.008973344450559861
19.24321261,9.15866960,rr,-0.0029733699186105245
19.24321261,9.15866960,rd,0.0013266330728317621
19.24321261,9.15866960,t,-0.001166469121206326
19.24321261,9.15866960,mod,0.0002808826263768216
19.24321261,9.15866960,dd,-0.0011683626944263281
19.24321261,9.15866960,m78,-0.0011720410782651847
19.24321261,9.71715296,cartesian,0.005233525663190464
19.24321261,9.71715296,xor,-0.0011398472477481825
19.24321261,9.71715296,pager,0.010160689786748223
19.24321261,9.71715296,rr,0.002691231828533258
19.24321261,9.71715296,rd,0.004803338700873017
19.24321261,9.71715296,t,-0.00012645727564741804
19.24321261,9.71715296,mod,-0.00015554970136588686
19.24321261,9.71715296,dd,0.0022543606883957956
19.24321261,9.71715296,m78,0.006517938407402779
19.24321261,6.29889998,cartesian,0.010387549833781762
19.24321261,6.29889998,xor,-0.0025438543805729186
19.24321261,6.29889998,pager,0.012111985928335178
19.24321261,6.29889998,rr,0.002436707764030488
19.24321261,6.29889998,rd,0.005722762501296663
19.24321261,6.29889998,t,0.009374026707928751
19.24321261,6.29889998,mod,0.00856903833364031
19.24321261,6.29889998,dd,0.006456064395536476
19.24321261,6.29889998,m78,0.00414459156234126
19.24321261,8.103608382,cartesian,0.007564478540520114
19.24321261,8.103608382,xor,-0.00113541858833055
19.24321261,8.103608382,pager,0.006340459148830413
19.24321261,8.103608382,rr,0.004431148985589939
19.24321261,8.103608382,rd,0.005623956483697179
19.24321261,8.103608382,t,0.00590575231784507
19.24321261,8.103608382,mod,0.005341726986880291
19.24321261,8.103608382,dd,0.0021911657232295267
19.24321261,8.103608382,m78,-0.0024217749293584667
19.24321261,5.72916242,cartesian,0.0007460311536555686
19.24321261,5.72916242,xor,-0.0008808548342598144
19.24321261,5.72916242,pager,0.005545668278155613
19.24321261,5.72916242,rr,0.0001808789194412963
19.24321261,5.72916242,rd,0.0037549178693276897
19.24321261,5.72916242,t,-0.0010482037022272461
19.24321261,5.72916242,mod,-0.00015065232682553997
19.24321261,5.72916242,dd,-5.6686247897674846e-05
19.24321261,5.72916242,m78,-0.001247607693870112
4.178946041,3.136492861,cartesian,0.009178348236876466
4.178946041,3.136492861,xor,-0.002861256796238054
4.178946041,3.136492861,pager,0.008006454809928454
4.178946041,3.136492861,rr,0.00298744038631249
4.178946041,3.136492861,rd,0.0036834820673313784
4.178946041,3.136492861,t,0.008204258188480584
4.178946041,3.136492861,mod,0.006215230235077085
4.178946041,3.136492861,dd,0.004435242701467557
4.178946041,3.136492861,m78,0.0015944190358245791
4.178946041,7.8599340,cartesian,0.00403288215981501
4.178946041,7.8599340,xor,-4.5462390285022636e-05
4.178946041,7.8599340,pager,0.006751154760938682
4.178946041,7.8599340,rr,-0.000647299107239041
4.178946041,7.8599340,rd,0.002078932126497013
4.178946041,7.8599340,t,0.0011937000550736876
4.178946041,7.8599340,mod,0.001510595340058929
4.178946041,7.8599340,dd,0.005050488162138267
4.178946041,7.8599340,m78,0.0012711302134547076
4.178946041,18.27348077,cartesian,-0.0009556219216972917
4.178946041,18.27348077,xor,-0.0014053618931375578
4.178946041,18.27348077,pager,0.009739670144404133
4.178946041,18.27348077,rr,-0.003330078119300861
4.178946041,18.27348077,rd,0.0005326146003100662
4.178946041,18.27348077,t,-0.0008155231378161876
4.178946041,18.27348077,mod,-0.0001416634221205193
4.178946041,18.27348077,dd,-0.0011496955383551999
4.178946041,18.27348077,m78,-0.0009008107729495674
4.178946041,18.32316331,cartesian,0.00012268835807427436
4.178946041,18.32316331,xor,-0.001581397745260782
4.178946041,18.32316331,pager,0.004378330849022505
4.178946041,18.32316331,rr,-0.000641277079448388
4.178946041,18.32316331,rd,0.0017085291531039326
4.178946041,18.32316331,t,-0.00177834167594626
4.178946041,18.32316331,mod,-0.0017401766375875205
4.178946041,18.32316331,dd,-0.000882706822990853
4.178946041,18.32316331,m78,0.0004322145437936076
4.178946041,1.203085725,cartesian,-0.0042834754543097375
4.178946041,1.203085725,xor,-0.004435692975746086
4.178946041,1.203085725,pager,0.004767926685172896
4.178946041,1.203085725,rr,-0.0011894238736758211
4.178946041,1.203085725,rd,-0.00013134571475981183
4.178946041,1.203085725,t,-0.0004730957124789992
4.178946041,1.203085725,mod,-0.0011210232278784371
4.178946041,1.203085725,dd,-0.003101914131371064
4.178946041,1.203085725,m78,-0.0007439317820781
4.178946041,10.23267180,cartesian,-0.0009655015182203908
4.178946041,10.23267180,xor,-0.001123665578559363
4.178946041,10.23267180,pager,-0.005801153216747679
4.178946041,10.23267180,rr,-0.003029150372969802
4.178946041,10.23267180,rd,-0.0014694647942339323
4.178946041,10.23267180,t,-0.0011437637250555355
4.178946041,10.23267180,mod,0.001915441736095258
4.178946041,10.23267180,dd,9.829676383299457e-06
4.178946041,10.23267180,m78,0.0016431906553706632
4.178946041,2.241577141,cartesian,-0.0037185657888347823
4.178946041,2.241577141,xor,-0.002741416339250069
4.178946041,2.241577141,pager,0.009279051179085673
4.178946041,2.241577141,rr,-0.0017200114563258317
4.178946041,2.241577141,rd,0.00019832881492454213
4.178946041,2.241577141,t,-0.0008705375577962027
4.178946041,2.241577141,mod,-0.0011717030274600582
4.178946041,2.241577141,dd,-0.002186865524353543
4.178946041,2.241577141,m78,-0.0007137057867661056
4.178946041,9.15866960,cartesian,-0.0012190821490956072
4.178946041,9.15866960,xor,-0.0012824074519435236
4.178946041,9.15866960,pager,0.008370231742763301
4.178946041,9.15866960,rr,-0.0023322966000842715
4.178946041,9.15866960,rd,-0.0019694735994522095
4.178946041,9.15866960,t,-0.00180221800508229
4.178946041,9.15866960,mod,0.00032460903928066553
4.178946041,9.15866960,dd,-0.0015317241163437245
4.178946041,9.15866960,m78,0.0008237144729168477
4.178946041,9.71715296,cartesian,0.0023992584640406545
4.178946041,9.71715296,xor,-0.0005731030617199817
4.178946041,9.71715296,pager,0.00589108040117392
4.178946041,9.71715296,rr,-0.0005085742708164087
4.178946041,9.71715296,rd,0.0019228415249903374
4.178946041,9.71715296,t,-0.0023747834847176463
4.178946041,9.71715296,mod,-0.0024358343620416445
4.178946041,9.71715296,dd,6.559691037932858e-05
4.178946041,9.71715296,m78,0.001543735635325283
4.178946041,6.29889998,cartesian,0.0076573079380724
4.178946041,6.29889998,xor,-0.0013326294753899237
4.178946041,6.29889998,pager,0.008373932364058478
4.178946041,6.29889998,rr,0.000838572945778937
4.178946041,6.29889998,rd,0.002589159768405791
4.178946041,6.29889998,t,0.007057330014647256
4.178946041,6.29889998,mod,0.006135101378069052
4.178946041,6.29889998,dd,0.0037307459565157908
4.178946041,6.29889998,m78,0.003449450990368197
4.178946041,8.103608382,cartesian,0.005162694225098519
4.178946041,8.103608382,xor,-0.0013624174902746589
4.178946041,8.103608382,pager,0.003220866645946008
4.178946041,8.103608382,rr,-0.0003277470920086678
4.178946041,8.103608382,rd,0.0015963353747358022
4.178946041,8.103608382,t,0.0065012847927408135
4.178946041,8.103608382,mod,0.007048206770454812
4.178946041,8.103608382,dd,0.00038913469385182253
4.178946041,8.103608382,m78,0.0006801724739197157
4.178946041,5.72916242,cartesian,-0.0007074694496713718
4.178946041,5.72916242,xor,-0.0011166053805540255
4.178946041,5.72916242,pager,-0.0007188343866424418
4.178946041,5.72916242,rr,-0.000833782178185638
4.178946041,5.72916242,rd,0.001561232015264702
4.178946041,5.72916242,t,-0.0013136019060575599
4.178946041,5.72916242,mod,-0.0009092546120432754
4.178946041,5.72916242,dd,-0.0008554560801523614
4.178946041,5.72916242,m78,-0.0005355245048130897
3.136492861,7.8599340,cartesian,0.004428389400477628
3.136492861,7.8599340,xor,-0.0010917680064241875
3.136492861,7.8599340,pager,0.010303447480688677
3.136492861,7.8599340,rr,-0.0008977094210456116
3.136492861,7.8599340,rd,0.00689325370037841
3.136492861,7.8599340,t,0.004758539816197671
3.136492861,7.8599340,mod,0.005348237835641867
3.136492861,7.8599340,dd,0.00397623009928072
3.136492861,7.8599340,m78,0.0018732259862589418
3.136492861,18.27348077,cartesian,-0.0023115210412505416
3.136492861,18.27348077,xor,-0.0012034063360935043
3.136492861,18.27348077,pager,0.014504326172932513
3.136492861,18.27348077,rr,-0.0024274507209263163
3.136492861,18.27348077,rd,0.0023338067892537673
3.136492861,18.27348077,t,-0.00043644255176067404
3.136492861,18.27348077,mod,0.0014104244344094186
3.136492861,18.27348077,dd,-0.0009709641717430273
3.136492861,18.27348077,m78,-0.0016000166439644747
3.136492861,18.32316331,cartesian,0.002426388471294727
3.136492861,18.32316331,xor,-0.0018412975864914305
3.136492861,18.32316331,pager,0.01034769524738044
3.136492861,18.32316331,rr,0.0012294209847351079
3.136492861,18.32316331,rd,0.005453952559423381
3.136492861,18.32316331,t,0.0004873368275347678
3.136492861,18.32316331,mod,0.0005936327936704178
3.136492861,18.32316331,dd,0.0023325745247859686
3.136492861,18.32316331,m78,0.0018281809832537688
3.136492861,1.203085725,cartesian,-0.000956707699300674
3.136492861,1.203085725,xor,-0.0012186743321906945
3.136492861,1.203085725,pager,0.016102978388326306
3.136492861,1.203085725,rr,-0.0013018194862932653
3.136492861,1.203085725,rd,0.003272357395748715
3.136492861,1.203085725,t,-0.00220601883596494
3.136492861,1.203085725,mod,-0.0016993763417232355
3.136492861,1.203085725,dd,-0.0015200974920561716
3.136492861,1.203085725,m78,0.0004443818103185837
3.136492861,10.23267180,cartesian,0.0018109957952061606
3.136492861,10.23267180,xor,-0.0011746783561334961
3.136492861,10.23267180,pager,0.009480044444291957
3.136492861,10.23267180,rr,-0.001428192690498875
3.136492861,10.23267180,rd,-0.0007413895317531782
3.136492861,10.23267180,t,-0.0006563607849103814
3.136492861,10.23267180,mod,0.004962097705975443
3.136492861,10.23267180,dd,-0.0004580768840733995
3.136492861,10.23267180,m78,0.004876659166501485
3.136492861,2.241577141,cartesian,-0.00036295041268874506
3.136492861,2.241577141,xor,-0.001989372121809607
3.136492861,2.241577141,pager,0.015050557674180176
3.136492861,2.241577141,rr,-0.000625498592544238
3.136492861,2.241577141,rd,0.002270158609990136
3.136492861,2.241577141,t,-0.001691128340115311
3.136492861,2.241577141,mod,-0.0012083116801846483
3.136492861,2.241577141,dd,-0.0009853295464734568
3.136492861,2.241577141,m78,0.00021302419490665248
3.136492861,9.15866960,cartesian,-0.0009170106749376572
3.136492861,9.15866960,xor,-0.0013217582981124298
3.136492861,9.15866960,pager,0.011159016647076303
3.136492861,9.15866960,rr,-0.0008780054861066144
3.136492861,9.15866960,rd,0.0011212004608964765
3.136492861,9.15866960,t,-0.0011963144747868526
3.136492861,9.15866960,mod,0.0004979883095505011
3.136492861,9.15866960,dd,-0.0011497335619812254
3.136492861,9.15866960,m78,-0.0019666591620703944
3.136492861,9.71715296,cartesian,0.007303614189431373
3.136492861,9.71715296,xor,-0.001082330644544438
3.136492861,9.71715296,pager,0.011086037724629683
3.136492861,9.71715296,rr,0.003193264559074649
3.136492861,9.71715296,rd,0.0058910466791405325
3.136492861,9.71715296,t,0.0002978265442213912
3.136492861,9.71715296,mod,0.0002949396061076026
3.136492861,9.71715296,dd,0.0032739008770490408
3.136492861,9.71715296,m78,0.006272118431134066
3.136492861,6.29889998,cartesian,0.014327113910508782
3.136492861,6.29889998,xor,-0.0012029779451432354
3.136492861,6.29889998,pager,0.016538878112653532
3.136492861,6.29889998,rr,0.005931019585733166
3.136492861,6.29889998,rd,0.008267022328427576
3.136492861,6.29889998,t,0.010344502645440512
3.136492861,6.29889998,mod,0.008644197717622482
3.136492861,6.29889998,dd,0.007118017732801962
3.136492861,6.29889998,m78,0.0038585021057196967
3.136492861,8.103608382,cartesian,0.007352161909040977
3.136492861,8.103608382,xor,-0.0013321136081818619
3.136492861,8.103608382,pager,0.008197681950949165
3.136492861,8.103608382,rr,0.004591601026380454
3.136492861,8.103608382,rd,0.003920166046422535
3.136492861,8.103608382,t,0.005507301542336918
3.136492861,8.103608382,mod,0.0075978329072518
3.136492861,8.103608382,dd,0.002429081511924891
3.136492861,8.103608382,m78,-0.0016443116981075256
3.136492861,5.72916242,cartesian,-0.0011543385361671987
3.136492861,5.72916242,xor,-0.0012548327459138697
3.136492861,5.72916242,pager,0.0025908653438032614
3.136492861,5.72916242,rr,-0.001101461792137215
3.136492861,5.72916242,rd,0.004770470675760308
3.136492861,5.72916242,t,-0.00013282419825544345
3.136492861,5.72916242,mod,-9.288136074703246e-06
3.136492861,5.72916242,dd,0.0012571340895708438
3.136492861,5.72916242,m78,-0.005771138622360228
7.8599340,18.27348077,cartesian,-0.0018883328361813945
7.8599340,18.27348077,xor,-0.0009767778043072717
7.8599340,18.27348077,pager,0.011424970493962627
7.8599340,18.27348077,rr,-0.0013624132644103337
7.8599340,18.27348077,rd,-0.0012344590163515523
7.8599340,18.27348077,t,0.0005714684121195246
7.8599340,18.27348077,mod,0.0011185584177081376
7.8599340,18.27348077,dd,-0.0008046575944498091
7.8599340,18.27348077,m78,-0.0016664632421448111
7.8599340,18.32316331,cartesian,0.003377418840815105
7.8599340,18.32316331,xor,0.0048138028232509456
7.8599340,18.32316331,pager,0.005620297757302217
7.8599340,18.32316331,rr,-0.0018127669551044612
7.8599340,18.32316331,rd,-0.0009526341300281072
7.8599340,18.32316331,t,0.0012017343464638675
7.8599340,18.32316331,mod,0.0010269938182618787
7.8599340,18.32316331,dd,0.003056009552256489
7.8599340,18.32316331,m78,0.0024449220293289997
7.8599340,1.203085725,cartesian,0.001017993772757575
7.8599340,1.203085725,xor,0.0014238320106009228
7.8599340,1.203085725,pager,0.012074564898268858
7.8599340,1.203085725,rr,-0.0013689098083318196
7.8599340,1.203085725,rd,-0.0012099492779349408
7.8599340,1.203085725,t,-0.0011694873076724122
7.8599340,1.203085725,mod,-0.0008980216627854087
7.8599340,1.203085725,dd,0.001532652362367437
7.8599340,1.203085725,m78,0.00431477720674589
7.8599340,10.23267180,cartesian,-0.0016307647823983196
7.8599340,10.23267180,xor,-0.0015180940985664026
7.8599340,10.23267180,pager,0.004421966115427334
7.8599340,10.23267180,rr,-0.0016635127109281278
7.8599340,10.23267180,rd,-0.0011988403839315875
7.8599340,10.23267180,t,-0.0009100607978238529
7.8599340,10.23267180,mod,-0.0011382201585856677
7.8599340,10.23267180,dd,-0.001235034327799367
7.8599340,10.23267180,m78,-0.0014621885646737276
7.8599340,2.241577141,cartesian,0.003057173242950295
7.8599340,2.241577141,xor,-0.00172291612560449
7.8599340,2.241577141,pager,0.00942658453400158
7.8599340,2.241577141,rr,-0.0010147532581479268
7.8599340,2.241577141,rd,-0.0012674348594292617
7.8599340,2.241577141,t,-0.0011546938780058191
7.8599340,2.241577141,mod,-0.0013189084291476139
7.8599340,2.241577141,dd,0.0012570928755952782
7.8599340,2.241577141,m78,0.0027065763873624915
7.8599340,9.15866960,cartesian,0.001347353987015465
7.8599340,9.15866960,xor,-0.0015580676629560752
7.8599340,9.15866960,pager,0.007504546350540653
7.8599340,9.15866960,rr,-0.0011733990034155095
7.8599340,9.15866960,rd,-0.0010514732271877936
7.8599340,9.15866960,t,-0.0011910202229914457
7.8599340,9.15866960,mod,-0.001165479457768237
7.8599340,9.15866960,dd,0.00034902117711599345
7.8599340,9.15866960,m78,0.0007775007906430931
7.8599340,9.71715296,cartesian,0.006482043829567852
7.8599340,9.71715296,xor,0.0019876167129122546
7.8599340,9.71715296,pager,0.007681360763847178
7.8599340,9.71715296,rr,-0.0012084419310809391
7.8599340,9.71715296,rd,-0.0010109242745632852
7.8599340,9.71715296,t,0.0004896253788522209
7.8599340,9.71715296,mod,0.0004896253788522209
7.8599340,9.71715296,dd,0.0034413045032557488
7.8599340,9.71715296,m78,0.0007850379789710038
7.8599340,6.29889998,cartesian,0.00468950784056088
7.8599340,6.29889998,xor,-0.001623944755459128
7.8599340,6.29889998,pager,0.009959324614024156
7.8599340,6.29889998,rr,-0.0004483773063079788
7.8599340,6.29889998,rd,-0.00021215395102580636
7.8599340,6.29889998,t,0.0019461592922273008
7.8599340,6.29889998,mod,0.0003571923712029079
7.8599340,6.29889998,dd,0.006120794442294852
7.8599340,6.29889998,m78,0.0027255878162831815
7.8599340,8.103608382,cartesian,0.003230091303177418
7.8599340,8.103608382,xor,0.0002730459927693385
7.8599340,8.103608382,pager,0.005083799276197398
7.8599340,8.103608382,rr,-0.0010179362414959314
7.8599340,8.103608382,rd,-0.0008659758247546723
7.8599340,8.103608382,t,0.0020222819585771212
7.8599340,8.103608382,mod,0.0016045932573662824
7.8599340,8.103608382,dd,0.004533964583303685
7.8599340,8.103608382,m78,0.0007825804015686444
7.8599340,5.72916242,cartesian,0.003287222963485714
7.8599340,5.72916242,xor,-0.0009621088100748576
7.8599340,5.72916242,pager,0.0010176650432323076
7.8599340,5.72916242,rr,-0.001170637661657592
7.8599340,5.72916242,rd,-0.0008769697851267466
7.8599340,5.72916242,t,-0.001122258432853629
7.8599340,5.72916242,mod,-0.0012156632258562006
7.8599340,5.72916242,dd,0.0023497117315538496
7.8599340,5.72916242,m78,-0.0020236390285746086
18.27348077,18.32316331,cartesian,0.009771775312678144
18.27348077,18.32316331,xor,-0.0009742080924333152
18.27348077,18.32316331,pager,0.006082243748969707
18.27348077,18.32316331,rr,-0.0007980359904855572
18.27348077,18.32316331,rd,-0.001106940785410515
18.27348077,18.32316331,t,0.006285340438234477
18.27348077,18.32316331,mod,0.006285340438234477
18.27348077,18.32316331,dd,0.008112599657829622
18.27348077,18.32316331,m78,0.00028020710264775595
18.27348077,1.203085725,cartesian,0.014776848202350479
18.27348077,1.203085725,xor,-0.0022126071228141253
18.27348077,1.203085725,pager,0.009581619949441289
18.27348077,1.203085725,rr,0.004663311269609838
18.27348077,1.203085725,rd,-1.650866879199242e-06
18.27348077,1.203085725,t,0.00934568331712915
18.27348077,1.203085725,mod,0.006584977931483049
18.27348077,1.203085725,dd,0.011755466040156759
18.27348077,1.203085725,m78,-0.0012758246767341497
18.27348077,10.23267180,cartesian,0.0037307290347694533
18.27348077,10.23267180,xor,-0.0031002852080597165
18.27348077,10.23267180,pager,0.00780809658839654
18.27348077,10.23267180,rr,-0.0020009925671460316
18.27348077,10.23267180,rd,0.0017370517232845328
18.27348077,10.23267180,t,0.002565505727624706
18.27348077,10.23267180,mod,-0.0007219050391156223
18.27348077,10.23267180,dd,0.005446953429682266
18.27348077,10.23267180,m78,-0.0014268545159650259
18.27348077,2.241577141,cartesian,0.01465644748494721
18.27348077,2.241577141,xor,-0.0014641770623273764
18.27348077,2.241577141,pager,0.013225832951731631
18.27348077,2.241577141,rr,0.0030183961099675694
18.27348077,2.241577141,rd,0.00047562719208760207
18.27348077,2.241577141,t,0.0068413666555446895
18.27348077,2.241577141,mod,0.0035696159838475294
18.27348077,2.241577141,dd,0.01382813228959956
18.27348077,2.241577141,m78,-0.0018522826195450648
18.27348077,9.15866960,cartesian,0.00976396415923586
18.27348077,9.15866960,xor,-0.0013688201156560886
18.27348077,9.15866960,pager,0.01255655914119258
18.27348077,9.15866960,rr,0.0006043867767712152
18.27348077,9.15866960,rd,0.0012914258144930413
18.27348077,9.15866960,t,0.005541367862475832
18.27348077,9.15866960,mod,0.0013794037234410306
18.27348077,9.15866960,dd,0.010488239802327382
18.27348077,9.15866960,m78,-0.0012970035607953179
18.27348077,9.71715296,cartesian,0.007811306326032663
18.27348077,9.71715296,xor,-0.003758421925914801
18.27348077,9.71715296,pager,0.011068692105506206
18.27348077,9.71715296,rr,5.774716840734051e-05
18.27348077,9.71715296,rd,-0.001087690329483193
18.27348077,9.71715296,t,0.007191487849930955
18.27348077,9.71715296,mod,0.007188010848788173
18.27348077,9.71715296,dd,0.00877757723031558
18.27348077,9.71715296,m78,-0.002136645736963372
18.27348077,6.29889998,cartesian,-0.0008654307402626848
18.27348077,6.29889998,xor,-0.0020111478553210826
18.27348077,6.29889998,pager,0.01463857637303334
18.27348077,6.29889998,rr,0.0013484939709892396
18.27348077,6.29889998,rd,-0.0018311806173150202
18.27348077,6.29889998,t,-0.001332648543481696
18.27348077,6.29889998,mod,-0.002225363209050535
18.27348077,6.29889998,dd,8.441946396087197e-05
18.27348077,6.29889998,m78,-0.002782686018177438
18.27348077,8.103608382,cartesian,0.0014888759858638911
18.27348077,8.103608382,xor,-0.0006438915117747968
18.27348077,8.103608382,pager,0.006359836187543766
18.27348077,8.103608382,rr,-0.002285478481384162
18.27348077,8.103608382,rd,-0.0019497172485143377
18.27348077,8.103608382,t,-0.0011004904658078463
18.27348077,8.103608382,mod,-0.0003352477355667016
18.27348077,8.103608382,dd,0.0017187491136506639
18.27348077,8.103608382,m78,-0.001148433462174081
18.27348077,5.72916242,cartesian,0.002073927328163361
18.27348077,5.72916242,xor,-0.0012950996138774151
18.27348077,5.72916242,pager,0.0053794876554741355
18.27348077,5.72916242,rr,-0.0010706117326590991
18.27348077,5.72916242,rd,-0.0009333336862107355
18.27348077,5.72916242,t,0.0015361253200826264
18.27348077,5.72916242,mod,0.0046133904292157135
18.27348077,5.72916242,dd,0.0015887784772299351
18.27348077,5.72916242,m78,5.5725154739949545e-05
18.32316331,1.203085725,cartesian,0.007566277602458538
18.32316331,1.203085725,xor,0.001638508178980591
18.32316331,1.203085725,pager,0.009655598097153995
18.32316331,1.203085725,rr,0.011516706149633404
18.32316331,1.203085725,rd,0.006273704286896775
18.32316331,1.203085725,t,0.006918443549652431
18.32316331,1.203085725,mod,0.002229537082629629
18.32316331,1.203085725,dd,0.0017814785181832216
18.32316331,1.203085725,m78,0.0018615503058112548
18.32316331,10.23267180,cartesian,0.0021298341500207707
18.32316331,10.23267180,xor,-0.0010568685376728393
18.32316331,10.23267180,pager,0.006084954095365913
18.32316331,10.23267180,rr,-0.0019667982389923733
18.32316331,10.23267180,rd,0.0044803763296441534
18.32316331,10.23267180,t,0.004934341352564986
18.32316331,10.23267180,mod,0.0033058421410901984
18.32316331,10.23267180,dd,0.0036890996227294526
18.32316331,10.23267180,m78,0.0017529353338229248
18.32316331,2.241577141,cartesian,0.011522446339706893
18.32316331,2.241577141,xor,-0.0009790915822145418
18.32316331,2.241577141,pager,0.010792577105068757
18.32316331,2.241577141,rr,0.0069824064961548915
18.32316331,2.241577141,rd,0.008296829773797532
18.32316331,2.241577141,t,0.010519829074336684
18.32316331,2.241577141,mod,0.0034674950511561775
18.32316331,2.241577141,dd,0.0052154970759406005
18.32316331,2.241577141,m78,0.0008057282530556931
18.32316331,9.15866960,cartesian,0.007077272717067706
18.32316331,9.15866960,xor,-0.0013120131551420666
18.32316331,9.15866960,pager,0.0076489310451185455
18.32316331,9.15866960,rr,0.0025359578760492107
18.32316331,9.15866960,rd,0.006867230455563922
18.32316331,9.15866960,t,0.007190354790819309
18.32316331,9.15866960,mod,0.0037244458236630473
18.32316331,9.15866960,dd,0.0035441714225152854
18.32316331,9.15866960,m78,-0.0023716950674348425
18.32316331,9.71715296,cartesian,0.00785592303982241
18.32316331,9.71715296,xor,0.0020784631222360295
18.32316331,9.71715296,pager,0.006077565133498886
18.32316331,9.71715296,rr,0.005513456284629736
18.32316331,9.71715296,rd,0.0027487947981569283
18.32316331,9.71715296,t,0.004162217433184456
18.32316331,9.71715296,mod,0.00414054672338926
18.32316331,9.71715296,dd,8.254322373835166e-05
18.32316331,9.71715296,m78,0.00223358921138761
18.32316331,6.29889998,cartesian,0.0060758201191013494
18.32316331,6.29889998,xor,-0.0010517392713584872
18.32316331,6.29889998,pager,0.008736086051304381
18.32316331,6.29889998,rr,0.002557371206360237
18.32316331,6.29889998,rd,-0.00034937399676748804
18.32316331,6.29889998,t,0.0004946457419229278
18.32316331,6.29889998,mod,0.0014507876125309238
18.32316331,6.29889998,dd,0.0031458230703516055
18.32316331,6.29889998,m78,0.00569776408302336
18.32316331,8.103608382,cartesian,-0.00010316667337817442
18.32316331,8.103608382,xor,-0.0007927726840133431
18.32316331,8.103608382,pager,0.0033786384338378994
18.32316331,8.103608382,rr,-0.0004781214262032929
18.32316331,8.103608382,rd,0.0005096167490787895
18.32316331,8.103608382,t,-0.001938893171410383
18.32316331,8.103608382,mod,0.0004225157674140334
18.32316331,8.103608382,dd,-0.0015418794699932903
18.32316331,8.103608382,m78,0.0011497532787876352
18.32316331,5.72916242,cartesian,-0.0004892952743662526
18.32316331,5.72916242,xor,-0.0008131058366644961
18.32316331,5.72916242,pager,-0.004110335656410502
18.32316331,5.72916242,rr,-0.0014413517224869388
18.32316331,5.72916242,rd,-0.0011244374422441084
18.32316331,5.72916242,t,-0.0003566451476946231
18.32316331,5.72916242,mod,0.004343313182086472
18.32316331,5.72916242,dd,-0.0008960600074972014
18.32316331,5.72916242,m78,-0.002994733108338643
1.203085725,10.23267180,cartesian,0.004624504053910017
1.203085725,10.23267180,xor,-0.0009741010384023419
1.203085725,10.23267180,pager,0.0072313821530326505
1.203085725,10.23267180,rr,-0.00024250528050395737
1.203085725,10.23267180,rd,0.0036073006737181723
1.203085725,10.23267180,t,0.0039528734249398845
1.203085725,10.23267180,mod,0.008579059368301167
1.203085725,10.23267180,dd,0.0036711248454970313
1.203085725,10.23267180,m78,0.007347464628783773
1.203085725,2.241577141,cartesian,0.009495203692512222
1.203085725,2.241577141,xor,-0.006215628934892692
1.203085725,2.241577141,pager,0.00979298132490325
1.203085725,2.241577141,rr,0.008744321016668222
1.203085725,2.241577141,rd,0.010759673838936057
1.203085725,2.241577141,t,0.010588742406278162
1.203085725,2.241577141,mod,0.009048097950911549
1.203085725,2.241577141,dd,0.006276969016503875
1.203085725,2.241577141,m78,-0.005174937125443035
1.203085725,9.15866960,cartesian,0.013725614430918798
1.203085725,9.15866960,xor,-0.0020605770966140025
1.203085725,9.15866960,pager,0.009549934853439246
1.203085725,9.15866960,rr,0.006265353924872263
1.203085725,9.15866960,rd,0.011712487956502815
1.203085725,9.15866960,t,0.011027020557777378
1.203085725,9.15866960,mod,0.009040441184204107
1.203085725,9.15866960,dd,0.006909954649039984
1.203085725,9.15866960,m78,-8.46393060927042e-06
1.203085725,9.71715296,cartesian,0.011277507691818123
1.203085725,9.71715296,xor,0.0018010295496441175
1.203085725,9.71715296,pager,0.01198019310606302
1.203085725,9.71715296,rr,0.011116077436580052
1.203085725,9.71715296,rd,0.008164113241052817
1.203085725,9.71715296,t,0.005301482148575953
1.203085725,9.71715296,mod,0.005338696254512665
1.203085725,9.71715296,dd,0.001083084076353602
1.203085725,9.71715296,m78,0.0042293476948732645
1.203085725,6.29889998,cartesian,0.0005903169674260633
1.203085725,6.29889998,xor,-0.0012961561771633878
1.203085725,6.29889998,pager,0.012687215448924039
1.203085725,6.29889998,rr,-0.0005656319360278772
1.203085725,6.29889998,rd,-0.0005073942580768875
1.203085725,6.29889998,t,-0.0014668946713021214
1.203085725,6.29889998,mod,0.003415892352142791
1.203085725,6.29889998,dd,-0.0005987463616408117
1.203085725,6.29889998,m78,0.002759894465032886
1.203085725,8.103608382,cartesian,-0.004458448266992487
1.203085725,8.103608382,xor,-0.0048369365599469916
1.203085725,8.103608382,pager,0.004644515148696238
1.203085725,8.103608382,rr,-0.0009834460834783343
1.203085725,8.103608382,rd,0.006142689989080852
1.203085725,8.103608382,t,-0.0005752818871576082
1.203085725,8.103608382,mod,0.00021650694973796014
1.203085725,8.103608382,dd,-0.0025647686617205068
1.203085725,8.103608382,m78,-0.0018244593115508412
1.203085725,5.72916242,cartesian,0.007769173016766828
1.203085725,5.72916242,xor,-0.0015513636269051112
1.203085725,5.72916242,pager,0.0033306782899921172
1.203085725,5.72916242,rr,0.0042385173071212146
1.203085725,5.72916242,rd,0.0066825037730612324
1.203085725,5.72916242,t,0.007207554001506633
1.203085725,5.72916242,mod,0.009388845698873216
1.203085725,5.72916242,dd,0.0030955938798791216
1.203085725,5.72916242,m78,-0.0010541267053481018
10.23267180,2.241577141,cartesian,0.002529614728376206
10.23267180,2.241577141,xor,-0.0011257802130182348
10.23267180,2.241577141,pager,0.007896557193749154
10.23267180,2.241577141,rr,-0.0021127047991889025
10.23267180,2.241577141,rd,-0.0020223934016769807
10.23267180,2.241577141,t,0.0046804452224580295
10.23267180,2.241577141,mod,0.004610726957520961
10.23267180,2.241577141,dd,0.004279953522531188
10.23267180,2.241577141,m78,0.004344353536700041
10.23267180,9.15866960,cartesian,-0.0005953523604675937
10.23267180,9.15866960,xor,-0.0021157672267864136
10.23267180,9.15866960,pager,0.0030884539780294817
10.23267180,9.15866960,rr,-0.0035711823477089233
10.23267180,9.15866960,rd,-0.0003064363528146874
10.23267180,9.15866960,t,0.0011766316036446733
10.23267180,9.15866960,mod,0.0013875763039049582
10.23267180,9.15866960,dd,0.003299115492381155
10.23267180,9.15866960,m78,0.0021703339172219893
10.23267180,9.71715296,cartesian,0.0029595981296163254
10.23267180,9.71715296,xor,-0.0011401266188277859
10.23267180,9.71715296,pager,0.004059634529251177
10.23267180,9.71715296,rr,-0.0005734431288504371
10.23267180,9.71715296,rd,-0.0023027708813405656
10.23267180,9.71715296,t,0.003555049142788147
10.23267180,9.71715296,mod,0.003555049142788147
10.23267180,9.71715296,dd,0.003004277217408813
10.23267180,9.71715296,m78,0.0012641196938952826
10.23267180,6.29889998,cartesian,-0.002694007710462021
10.23267180,6.29889998,xor,-0.002103122763996712
10.23267180,6.29889998,pager,0.007502121627813607
10.23267180,6.29889998,rr,-0.0033580602169378526
10.23267180,6.29889998,rd,-0.003493418216499844
10.23267180,6.29889998,t,-0.0005526783279417025
10.23267180,6.29889998,mod,-0.0011594727916599545
10.23267180,6.29889998,dd,-0.001206408787137514
10.23267180,6.29889998,m78,0.002088800852100503
10.23267180,8.103608382,cartesian,-0.001928468296020558
10.23267180,8.103608382,xor,0.0009779485047651804
10.23267180,8.103608382,pager,0.0013892485290765144
10.23267180,8.103608382,rr,-0.0024333101357278952
10.23267180,8.103608382,rd,-0.0020144920152620482
10.23267180,8.103608382,t,-0.0011419117864266415
10.23267180,8.103608382,mod,-0.000893795889404192
10.23267180,8.103608382,dd,0.0012224129212428103
10.23267180,8.103608382,m78,0.0005304952512321659
10.23267180,5.72916242,cartesian,0.0035204048516426223
10.23267180,5.72916242,xor,-0.0012068469189880915
10.23267180,5.72916242,pager,-0.0017978376071199342
10.23267180,5.72916242,rr,-0.0008078197281140564
10.23267180,5.72916242,rd,-0.0013099208767075599
10.23267180,5.72916242,t,0.002980143051804829
10.23267180,5.72916242,mod,0.0028928135010560796
10.23267180,5.72916242,dd,0.003629632702362162
10.23267180,5.72916242,m78,-0.0014594768475550968
2.241577141,9.15866960,cartesian,0.009137312042388324
2.241577141,9.15866960,xor,-0.0012319767707993368
2.241577141,9.15866960,pager,0.013146048689528733
2.241577141,9.15866960,rr,0.0009583190830387833
2.241577141,9.15866960,rd,0.005786632013438431
2.241577141,9.15866960,t,0.009132377099564493
2.241577141,9.15866960,mod,0.009721791543499392
2.241577141,9.15866960,dd,0.006028003218748412
2.241577141,9.15866960,m78,0.002393093492884746
2.241577141,9.71715296,cartesian,0.01232526414000401
2.241577141,9.71715296,xor,-0.0008276335453460959
2.241577141,9.71715296,pager,0.009750800262633086
2.241577141,9.71715296,rr,0.006573953145647904
2.241577141,9.71715296,rd,0.005061205390893275
2.241577141,9.71715296,t,0.010361748517123348
2.241577141,9.71715296,mod,0.010430111571324674
2.241577141,9.71715296,dd,0.004191192669519728
2.241577141,9.71715296,m78,0.0008654692168406086
2.241577141,6.29889998,cartesian,0.0026854387644819067
2.241577141,6.29889998,xor,-0.0012445111333820869
2.241577141,6.29889998,pager,0.016300752331738666
2.241577141,6.29889998,rr,0.0017701305064096173
2.241577141,6.29889998,rd,-0.0012240834215486718
2.241577141,6.29889998,t,-0.0013343081445773564
2.241577141,6.29889998,mod,0.003093568433404692
2.241577141,6.29889998,dd,-0.00043799943334099645
2.241577141,6.29889998,m78,0.005828532743951009
2.241577141,8.103608382,cartesian,-0.00022829307254634834
2.241577141,8.103608382,xor,-0.0016981918513234717
2.241577141,8.103608382,pager,0.007886080332975332
2.241577141,8.103608382,rr,-0.0012252948988020762
2.241577141,8.103608382,rd,0.0032598881658383316
2.241577141,8.103608382,t,-0.0003163804625847533
2.241577141,8.103608382,mod,0.0015865438316059466
2.241577141,8.103608382,dd,-0.00010333798284167806
2.241577141,8.103608382,m78,-0.001255771466211808
2.241577141,5.72916242,cartesian,0.006012910379976089
2.241577141,5.72916242,xor,-0.0008446568501567775
2.241577141,5.72916242,pager,0.003240396018695302
2.241577141,5.72916242,rr,0.00362264855056027
2.241577141,5.72916242,rd,0.005318571217975743
2.241577141,5.72916242,t,0.0043882780375534836
2.241577141,5.72916242,mod,0.004793211470076164
2.241577141,5.72916242,dd,0.003169073515479348
2.241577141,5.72916242,m78,-0.0010991844034915488
9.15866960,9.71715296,cartesian,0.006850499984134117
9.15866960,9.71715296,xor,-0.0026138586607629133
9.15866960,9.71715296,pager,0.007615069801401919
9.15866960,9.71715296,rr,0.003908182045619046
9.15866960,9.71715296,rd,0.001499531114088959
9.15866960,9.71715296,t,0.0056503965501123465
9.15866960,9.71715296,mod,0.005719662439057194
9.15866960,9.71715296,dd,0.0028704529168582793
9.15866960,9.71715296,m78,-0.0005821983422960031
9.15866960,6.29889998,cartesian,-0.0017756690590373658
9.15866960,6.29889998,xor,-0.004714454916732391
9.15866960,6.29889998,pager,0.00981877776227702
9.15866960,6.29889998,rr,-0.00128833245037141
9.15866960,6.29889998,rd,-0.0011932675013792693
9.15866960,6.29889998,t,-0.00034599742988494775
9.15866960,6.29889998,mod,-0.0015789290744971929
9.15866960,6.29889998,dd,-0.0017843989127346305
9.15866960,6.29889998,m78,-0.0009765026200811988
9.15866960,8.103608382,cartesian,-0.0022272284249025276
9.15866960,8.103608382,xor,-0.0026164503799723793
9.15866960,8.103608382,pager,0.005250817720169554
9.15866960,8.103608382,rr,-0.0007479679546729123
9.15866960,8.103608382,rd,0.0010295362902738026
9.15866960,8.103608382,t,-0.0035288049133130883
9.15866960,8.103608382,mod,-0.0027880790608696415
9.15866960,8.103608382,dd,0.0004785265282235551
9.15866960,8.103608382,m78,-0.0011327622373029644
9.15866960,5.72916242,cartesian,0.0026502680292673775
9.15866960,5.72916242,xor,-0.002959708248183812
9.15866960,5.72916242,pager,0.0007469505808731514
9.15866960,5.72916242,rr,0.0030056694453148847
9.15866960,5.72916242,rd,0.0018834984930773402
9.15866960,5.72916242,t,0.00197160762704085
9.15866960,5.72916242,mod,0.002430402547577315
9.15866960,5.72916242,dd,0.0030791912478780326
9.15866960,5.72916242,m78,-0.004805015799193013
9.71715296,6.29889998,cartesian,0.007483608475603476
9.71715296,6.29889998,xor,-0.0008844751290759678
9.71715296,6.29889998,pager,0.010268356565337977
9.71715296,6.29889998,rr,0.002600163910488451
9.71715296,6.29889998,rd,-2.4383480125456103e-05
9.71715296,6.29889998,t,0.0010107542151672755
9.71715296,6.29889998,mod,0.0010276490266644123
9.71715296,6.29889998,dd,0.004038553294763769
9.71715296,6.29889998,m78,0.006048614800036156
9.71715296,8.103608382,cartesian,-0.0026894230274983055
9.71715296,8.103608382,xor,-0.002715121025763656
9.71715296,8.103608382,pager,0.0038795144067577114
9.71715296,8.103608382,rr,-0.002654537840013571
9.71715296,8.103608382,rd,0.00045418627094861996
9.71715296,8.103608382,t,-0.001159002557028277
9.71715296,8.103608382,mod,-0.0012627119117256669
9.71715296,8.103608382,dd,-0.0009369061625015274
9.71715296,8.103608382,m78,-0.003100786270125111
9.71715296,5.72916242,cartesian,0.0007935286864040325
9.71715296,5.72916242,xor,-0.0008309049524732881
9.71715296,5.72916242,pager,0.002156152771362718
9.71715296,5.72916242,rr,-0.0003829310987359946
9.71715296,5.72916242,rd,0.0016021430122645786
9.71715296,5.72916242,t,0.0007875732609106123
9.71715296,5.72916242,mod,0.003294180114815526
9.71715296,5.72916242,dd,-0.0017810323288121044
9.71715296,5.72916242,m78,-0.003576603943361345
6.29889998,8.103608382,cartesian,0.00623358811246244
6.29889998,8.103608382,xor,-0.0017324751828866614
6.29889998,8.103608382,pager,0.007809324347804569
6.29889998,8.103608382,rr,0.0009718529126764297
6.29889998,8.103608382,rd,0.004743099945663243
6.29889998,8.103608382,t,0.006904051896602925
6.29889998,8.103608382,mod,0.00694990957699837
6.29889998,8.103608382,dd,0.004417232139419025
6.29889998,8.103608382,m78,-0.00044753454218793287
6.29889998,5.72916242,cartesian,0.003253411678506124
6.29889998,5.72916242,xor,-0.0021090488616537506
6.29889998,5.72916242,pager,0.0060799178122913355
6.29889998,5.72916242,rr,0.0005811292428655745
6.29889998,5.72916242,rd,0.0036227028253973392
6.29889998,5.72916242,t,-0.0003251027994071176
6.29889998,5.72916242,mod,0.0001245187807910053
6.29889998,5.72916242,dd,0.0020680431581446834
6.29889998,5.72916242,m78,-0.0009224047136779934
8.103608382,5.72916242,cartesian,-0.0002575364219683518
8.103608382,5.72916242,xor,3.172073129764641e-05
8.103608382,5.72916242,pager,0.0013811434923944876
8.103608382,5.72916242,rr,-0.0007854223385039827
8.103608382,5.72916242,rd,-0.00029087221080548176
8.103608382,5.72916242,t,-0.0010402238503630645
8.103608382,5.72916242,mod,-0.0011255810338874905
8.103608382,5.72916242,dd,-0.001258667347689535
8.103608382,5.72916242,m78,-0.0008977411853052786
