snp1,snp2,best_epi,best_res
1.281788173,10.84091208,m78,-0.0010444169478238674
1.281788173,7.129118847,rr,-0.003933295621080912
1.281788173,5.107167969,xor,-0.002814751311755792
1.281788173,19.24321261,t,-0.0008251695740604248
1.281788173,4.178946041,t,-0.0010977945396177802
1.281788173,3.136492861,xor,-0.0007983669949924721
1.281788173,7.8599340,xor,-0.0011622014744461229
1.281788173,18.27348077,rr,-0.001323523084026501
1.281788173,18.32316331,xor,0.0005541082806668207
1.281788173,1.203085725,xor,-0.0011087683365427203
1.281788173,10.23267180,rr,-0.0014159290129933666
1.281788173,2.241577141,m78,-0.0016661670509312554
1.281788173,9.15866960,xor,-0.0013740644061903673
1.281788173,9.71715296,m78,-0.0017644033257988578
1.281788173,6.29889998,xor,-0.0009609221731277096
1.281788173,8.103608382,m78,-0.000840537200193836
1.281788173,5.72916242,xor,-0.0016739362730406881
10.84091208,7.129118847,xor,-0.001088775223673677
10.84091208,5.107167969,rr,-0.0011858132490629725
10.84091208,19.24321261,xor,-0.003279820049505
10.84091208,4.178946041,xor,-0.0014078763218561274
10.84091208,3.136492861,xor,-0.00131290282002694
10.84091208,7.8599340,xor,-0.00059161181592704
10.84091208,18.27348077,m78,-0.0014250565346454191
10.84091208,18.32316331,rr,-0.0035568651522934758
10.84091208,1.203085725,rr,-0.0011918165517077473
10.84091208,10.23267180,rr,0.0002733641133046971
10.84091208,2.241577141,xor,-0.0011567085337118588
10.84091208,9.15866960,m78,-0.0009170296443559156
10.84091208,9.71715296,xor,-0.002051246666797679
10.84091208,6.29889998,xor,-0.003248962088778118
10.84091208,8.103608382,xor,-0.0007655477783106157
10.84091208,5.72916242,xor,-0.0011819525255409857
7.129118847,5.107167969,xor,-0.0017121651425930917
7.129118847,19.24321261,m78,-0.0005055913830152026
7.129118847,4.178946041,t,-0.0007802843485333888
7.129118847,3.136492861,t,-0.0017598969296876987
7.129118847,7.8599340,dd,-0.00101804335165534
7.129118847,18.27348077,xor,-0.0009856946758757257
7.129118847,18.32316331,m78,-0.0011647005716701742
7.129118847,1.203085725,xor,-0.0013399140505951923
7.129118847,10.23267180,dd,0.00014193285796815225
7.129118847,2.241577141,xor,-0.0027842509995490428
7.129118847,9.15866960,xor,-0.0027548591043222714
7.129118847,9.71715296,xor,0.0007615929612512229
7.129118847,6.29889998,dd,-0.0005095783899269346
7.129118847,8.103608382,t,-0.0017285700738736143
7.129118847,5.72916242,xor,-0.0012663746717911373
5.107167969,19.24321261,xor,-0.0010097972631226693
5.107167969,4.178946041,dd,-0.0010066982777483524
5.107167969,3.136492861,mod,-0.0011727353351702607
5.107167969,7.8599340,dd,-0.0011953947872018755
5.107167969,18.27348077,m78,-0.0011227122626702446
5.107167969,18.32316331,dd,-0.0013967895743096648
5.107167969,1.203085725,xor,-0.0009446753873942892
5.107167969,10.23267180,rr,-0.0009336232479835171
5.107167969,2.241577141,dd,-0.0005315010773523365
5.107167969,9.15866960,m78,-0.0008149618967254746
5.107167969,9.71715296,dd,-0.0010140444434905138
5.107167969,6.29889998,xor,-0.001163267349246988
5.107167969,8.103608382,xor,-0.001167752335263339
5.107167969,5.72916242,m78,-0.0015016181490008496
19.24321261,4.178946041,xor,-0.0012675289841239668
19.24321261,3.136492861,xor,-0.0011046956869655844
19.24321261,7.8599340,t,-0.0014360200012588642
19.24321261,18.27348077,xor,-0.00042728362992683344
19.24321261,18.32316331,xor,-0.0013738513521326379
19.24321261,1.203085725,xor,-0.0008931759769925662
19.24321261,10.23267180,dd,-1.0035188676926765e-05
19.24321261,2.241577141,rr,-0.0007174563766276787
19.24321261,9.15866960,m78,-0.0010412313420495867
19.24321261,9.71715296,xor,-0.0010731070373313223
19.24321261,6.29889998,xor,0.00025885109531564865
19.24321261,8.103608382,xor,-0.0008704144484250609
19.24321261,5.72916242,mod,-0.0009662761750433013
4.178946041,3.136492861,xor,-0.0028667325997759896
4.178946041,7.8599340,xor,-0.0014260895114719396
4.178946041,18.27348077,m78,-0.0010199396815941952
4.178946041,18.32316331,xor,-0.0006398414660253593
4.178946041,1.203085725,dd,-0.00039254951535272475
4.178946041,10.23267180,dd,-0.0007823568701696981
4.178946041,2.241577141,mod,-0.001167620813783632
4.178946041,9.15866960,dd,-0.0011005537349073613
4.178946041,9.71715296,xor,-0.0016377752871838958
4.178946041,6.29889998,xor,-0.0012506999524908302
4.178946041,8.103608382,xor,-0.001299187847731087
4.178946041,5.72916242,cartesian,-0.0009258423270257499
3.136492861,7.8599340,rr,-0.001163495368920353
3.136492861,18.27348077,m78,-0.0012498965164213782
3.136492861,18.32316331,xor,-0.001701924565477686
3.136492861,1.203085725,rr,-0.0010631985206941419
3.136492861,10.23267180,dd,-0.0001711482527602115
3.136492861,2.241577141,xor,-0.0016458570962123442
3.136492861,9.15866960,xor,-0.00041357160669242
3.136492861,9.71715296,xor,-0.0012683064394667376
3.136492861,6.29889998,xor,-0.0013518685009761278
3.136492861,8.103608382,xor,-0.001090184933034255
3.136492861,5.72916242,t,-0.0010983429659914279
7.8599340,18.27348077,rr,-0.0009565195077334554
7.8599340,18.32316331,rr,-0.0011051666111552283
7.8599340,1.203085725,t,-0.0011706944016254273
7.8599340,10.23267180,rr,-0.0005798696827186145
7.8599340,2.241577141,xor,-0.0006596258082045559
7.8599340,9.15866960,t,-0.001086471991214255
7.8599340,9.71715296,rr,-0.0012133361388622088
7.8599340,6.29889998,xor,-0.00043001564550260163
7.8599340,8.103608382,m78,-0.0007045388591182533
7.8599340,5.72916242,xor,-0.0009906373911989785
18.27348077,18.32316331,rr,-0.0010051644080910638
18.27348077,1.203085725,m78,-0.0011648765021485818
18.27348077,10.23267180,dd,-0.0007280001424159188
18.27348077,2.241577141,rd,-0.0009378340125496543
18.27348077,9.15866960,rd,-0.0005742286577306022
18.27348077,9.71715296,rr,-0.0010244109599266693
18.27348077,6.29889998,dd,-0.0009706731032776972
18.27348077,8.103608382,m78,-0.0002478387944633287
18.27348077,5.72916242,m78,-0.0007653053446705638
18.32316331,1.203085725,xor,0.0006039269058454311
18.32316331,10.23267180,rr,-0.00023261986818856606
18.32316331,2.241577141,dd,-0.001596448094482561
18.32316331,9.15866960,xor,-0.0011491958205303021
18.32316331,9.71715296,dd,-0.0018218184475042865
18.32316331,6.29889998,xor,-0.0009964482661453111
18.32316331,8.103608382,cartesian,-0.0006578570141837492
18.32316331,5.72916242,xor,-0.0017093816927677974
1.203085725,10.23267180,cartesian,0.00011408698277581841
1.203085725,2.241577141,dd,-0.002464842852183624
1.203085725,9.15866960,m78,-0.0018146162758949647
1.203085725,9.71715296,dd,-0.0019562458444459807
1.203085725,6.29889998,cartesian,-0.0015151604025813725
1.203085725,8.103608382,dd,-0.0009615451430888822
1.203085725,5.72916242,m78,-0.0013422775462323955
10.23267180,2.241577141,rr,0.000548865063250803
10.23267180,9.15866960,mod,-0.0002329723290543928
10.23267180,9.71715296,dd,-0.0005471901609477303
10.23267180,6.29889998,rr,-0.00042589061512221527
10.23267180,8.103608382,dd,-0.0002924241057629118
10.23267180,5.72916242,rd,-0.00022297230411116864
2.241577141,9.15866960,rr,-0.0015387682181358109
2.241577141,9.71715296,dd,-0.0009100056869935091
2.241577141,6.29889998,xor,-0.0008378257969308134
2.241577141,8.103608382,m78,-0.0011967519776021618
2.241577141,5.72916242,m78,-0.0008874156192557603
9.15866960,9.71715296,m78,-0.0010558995293361573
9.15866960,6.29889998,rd,-0.0011538736906058222
9.15866960,8.103608382,mod,-0.001263068628843289
9.15866960,5.72916242,xor,-0.0005643174517653282
9.71715296,6.29889998,xor,-0.0009558293531073403
9.71715296,8.103608382,t,-0.0011310615175073035
9.71715296,5.72916242,mod,-0.003314624526860044
6.29889998,8.103608382,xor,-0.0028191955005387737
6.29889998,5.72916242,xor,-0.0012159598530319116
8.103608382,5.72916242,mod,-0.001012626804882455
